Height,Year,Tide
1.532874958412823,2029.0,0.5870000000000001
3.098263726372637,2055.0,0.128
2.603199919991999,2068.0,0.479
1.2232213173140087,2069.0,0.873
1.2854894004789927,2079.0,0.645
2.0096541670133456,2082.0,0.588
1.371990289742647,2084.0,0.614
1.3587048009206404,2089.0,0.6509999999999999
1.367883625421086,2092.0,0.54
1.727008057635543,2092.0,0.348
1.8551808541633819,2093.0,0.506
1.7748786052190475,2094.0,0.222
1.5207698831116203,2095.0,0.846
1.4588505166951105,2098.0,0.49
