Height,Year,Tide
2.238885874794376,2034.0,0.031
2.47734765200658,2046.0,-0.565
1.2101657170399345,2062.0,0.718
2.7592155215521554,2068.0,-0.415
1.259955305233095,2074.0,0.8909999999999999
1.26948383943138,2075.0,0.708
2.229151515151515,2078.0,0.062
1.3800963322973474,2086.0,0.907
1.365702159434238,2087.0,0.83
1.5919458406655562,2088.0,0.37
3.5400236273627366,2089.0,0.502
2.040967248803859,2092.0,0.465
2.2001904062535265,2092.0,0.16
