Height,Year,Tide
1.6007449244132008,2046.0,0.488
1.9951556155615564,2053.0,0.166
2.628212321232123,2059.0,0.968
1.7416014632180126,2074.0,0.319
2.0325907973873205,2083.0,0.66
1.3308356032565838,2084.0,0.7659999999999999
3.3227545254525452,2086.0,-0.325
1.9521989777323878,2090.0,0.716
2.619680718071807,2090.0,0.289
1.5241773454390013,2093.0,0.855
1.4594725769253056,2094.0,0.747
1.7924098378813156,2097.0,1.101
2.2209402706292236,2098.0,0.27
1.41339063618274,2098.0,0.674
