Height,Year,Tide
2.3563191698480193,2025.0,-0.282
0.964392122474575,2025.0,0.9840000000000001
2.2809314586631078,2026.0,-0.109
2.825085011949471,2031.0,0.177
2.5350146256004913,2039.0,0.49200000000000005
2.647265505860931,2041.0,0.594
1.2501922466978774,2042.0,0.6609999999999999
1.696652361726494,2055.0,0.653
1.41859032695874,2059.0,0.514
1.2390475757211923,2061.0,0.835
1.3598024803119944,2061.0,0.555
1.5045555006934606,2074.0,0.5589999999999999
1.6915896771856955,2074.0,0.265
4.309362836283628,2075.0,0.654
1.3211924302688574,2075.0,0.855
1.8907224921651016,2081.0,0.23600000000000002
1.5956550998781962,2083.0,0.469
1.5920134510470951,2083.0,1.058
1.6650096921421047,2084.0,0.41
1.5053280586913003,2084.0,0.8590000000000001
1.2994247281057305,2092.0,0.7340000000000001
1.3595176933131992,2092.0,0.5579999999999999
1.4078220932522636,2092.0,0.612
3.3024946244624465,2095.0,0.6890000000000001
1.3151295612204659,2097.0,0.919
1.307965276198967,2097.0,0.765
1.3776911016104971,2099.0,0.736
