Height,Year,Tide
1.590269732126206,2068.0,0.6920000000000001
1.6413747156040115,2080.0,0.746
1.6205258596933665,2082.0,0.662
1.7537940513279682,2084.0,0.54
1.867467469428115,2087.0,0.581
1.2413663517814313,2089.0,0.736
1.340266564206738,2089.0,0.727
2.0986796198942512,2091.0,-0.011000000000000001
1.5539395535433678,2093.0,0.535
1.6002986444867293,2094.0,0.836
2.8606978197819783,2098.0,-0.614
1.672801640611397,2098.0,0.672
1.672766079186446,2099.0,0.262
1.8953522909297074,2099.0,0.27
